score,business,category,area_proximity,website_status,website_url,social_urls,phone,whatsapp_status,source_urls,why_prospect,confidence,notes
Hot,Polish'd Nails & Beauty Bar,Nail tech / beauty bar,In Labone (64 Orphan Crescent),Social only,Not found,https://www.instagram.com/polishdbeautybargh/ ; https://www.facebook.com/polishdbeauty/ ; https://www.fresha.com/a/polishd-nails-and-beauty-bar-accra-64-orphan-crescent-ta2r3ia3,020 891 6401 (Telecel),likely (IG/Fresha booking),"https://www.fresha.com/a/polishd-nails-and-beauty-bar-accra-64-orphan-crescent-ta2r3ia3 ; https://www.instagram.com/polishdbeautybargh/ ; https://www.coupons.com.gh/places/polish-d-beauty-bar-gh","Premium unisex nail salon, ~27K IG followers, books via IG/Fresha only, no own website — strong booking/site upsell; active 2025",High,Score 8: no site +3, phone +2, fresh +2, area +1. Email Polishdgh@gmail.com (public business). Also has an East Legon location.
Hot,Oasis Massage & Spa,Spa / massage,In Labone (above Melcom Mini),Social only,Not found,https://www.instagram.com/oasis.spa.gh/ ; https://www.tiktok.com/@oasis.spa.gh,050 059 7421 (Telecel),likely (IG booking),"https://tortoisepath.com/place/oasis-massage-spa/ ; https://www.instagram.com/oasis.spa.gh/","Runs on IG + TikTok only, no website or online booking; directory listing refreshed Dec 2025 so active",Medium,Score 8: no site +3, phone +2, fresh +2, area +1. Labone per IG; tortoisepath address generic ('above Melcom Mini').
Warm,Golden View Therapeutic Clinique & Spa,Spa / beauty,In Labone (behind Labone SHS),Social only,Not found,https://www.instagram.com/goldenview.spa/ ; https://www.facebook.com/goldenviewspa1/ ; https://www.tripadvisor.com/Attraction_Review-g293797-d27741355-Reviews-Golden_View_Therapeutic_Clinic_Spa-Accra_Greater_Accra.html,024 230 4206 (MTN),likely (stated),"https://www.instagram.com/goldenview.spa/ ; https://www.facebook.com/goldenviewspa1/ ; https://www.tripadvisor.com/Attraction_Review-g293797-d27741355-Reviews-Golden_View_Therapeutic_Clinic_Spa-Accra_Greater_Accra.html","Hair/beauty/spa on FB + IG + Tripadvisor only, no website; clear contact and Labone location",Medium,"Score 6: no site +3, phone +2, area +1. No dated activity signal confirmed within 12 months -> capped at Warm, stale? Verify recency before outreach."
Warm,Black Cotton Salon,Hair salon (natural hair / Sisterlocks),In Osu (Nyaniba Estates / Otswe St),Social only,Not found,https://www.instagram.com/blackcottongh/ ; https://blackcotton.setmore.com/,020 953 1662 (Telecel),likely (stated),"https://blackcotton.setmore.com/ ; https://www.instagram.com/blackcottongh/ ; https://nahazone.com/natural-hair-salon-near-me/natural-hair-salon-accra/name/black-cotton-natural-hair-and-beauty-salon/","Established Sisterlocks specialist (15+ yrs) using only a Setmore booking page + IG — no real website; strong brand to build a proper site for",Medium,"Score 6: no site +3, phone +2, area +1. Setmore scheduler is not a real site. Freshness not date-confirmed -> stale? check."
Warm,Beauty Technicians,Hair / beauty salon,In Osu (Osu Badu Street),Social only,Not found,https://www.fresha.com/a/beauty-technicians-accra-osu-badu-street-vujn2wvj,Not found,Not found,"https://www.fresha.com/a/beauty-technicians-accra-osu-badu-street-vujn2wvj ; https://www.beautynailhairsalons.com/GH/Accra/887812934646703/Beauty-Technicians","Full-service salon with 4.9 rating / ~2,005 Fresha reviews (very active) but no website and only a Fresha profile",Medium,"Score 6: no site +3, fresh +2, area +1; phone NOT found -> contact gate fails (no Hot). Address varies (Osu Badu St / 102 Nii Nortei Nyanchi St)."
Warm,Coloured Nail Bar,Nail tech / nail studio,In Labone,Social only,Not found,https://www.instagram.com/colourednailbar/,055 071 4422 (MTN),likely (booking line),"https://www.instagram.com/colourednailbar/ ; https://beautyclub.sbs/top-10-nail-salons-in-accra/","Unisex nail studio in Labone, IG + booking phone only, no website",Low,"Score 6: no site +3, phone +2, area +1. Single search-snippet evidence; verify before outreach."
Warm,Nate The Barber's Place (Osu),Barbershop / grooming,In Osu (H P Nyemitei St),Weak site,https://natethebarbersplace.as.me,https://www.instagram.com/the_hairmasterz/ ; https://www.facebook.com/thehairmasterz/ ; https://www.tiktok.com/@the_hairmasterz,055 730 3742 (MTN),likely (IG/booking),"https://tortoisepath.com/place/nate-the-barbers-place-osu/ ; https://www.tiktok.com/@the_hairmasterz/video/7588105853794848011 ; https://www.instagram.com/the_hairmasterz/","Very active 3-branch barber brand (Osu + 2 East Legon) but only an Acuity scheduler, no real marketing website — clear upsell",High,"Score 7: weak site +2, phone +2, fresh +2 (Dec 2025 TikToks), area +1. Established multi-branch -> kept Warm not Hot."
Warm,Tranquility Spa,Spa / massage / mani-pedi,In Osu (13 Otswe St, Ako Adjei Park),Weak site,http://www.tranquilityspaghana.biz,https://www.instagram.com/tranquility8595/,026 232 3699 / 026 869 8041 (AirtelTigo),likely (stated),"https://accra.yalwa.com.gh/ID_133048503/Tranquility-Spa-Ghana.html ; https://www.beautynailhairsalons.com/GH/Accra/215538608515246/Tranquility-Spa,-Ghana ; https://www.timeout.com/accra/health-and-beauty/tranquility-spa","Spa with only a thin .biz directory-style page + IG, no real modern site or booking flow",Medium,"Score 7: weak site +2, phone +2, fresh +2 (2025 listings), area +1. .biz page is not a real standalone site."
Low,Ghana Massage Spa,Spa / massage,In Osu (Oxford Street),Social only,Not found,Not found,024 567 6700 (MTN),Not found,http://yellowpages.com.gh/Company-Details/ghana-massage-spa-accra-834366.aspx,Listed only on Yellow Pages with a phone — no website or social; thin footprint typical of a no-web SME,Low,"Score ~5 and single-directory only -> Low confidence. Verify it is still operating before outreach."
